english,pos,proto_form,confidence,n_cognates,lang1,lang2,lang3,lang4,lang5,lang6,lang7
student,NN,*dóruma,high,6,dóruma,þàdórúmàdórúmàgù,þàdrúmã̀drúmã̀go,ðdórúmã̀dórúmã,Zdórumàdóruma,þadórumãdórumãgo,ngdórúmõ̀dórúmõ̀gòòg
language,NN,*lóruma,high,4,lóruma,,Lórúmã̀dãã,lórúmã,lóruma,lórumã,
to create,VB,*góruamu,high,6,góruamu,úgórúàmúgùmù,úgórúàmṹmṹ,àgórúwàmṹzúzúmṹ,ugóruwàmugomo,ugóruamũzuzumũ,úgórúòmṹmṹ
now,RB,*hére,high,4,hére,hérímíní,hére,,hére,,hérì
to test,VB,*zúruma,low,1,zúruma,,,,dngúrumàgo,,
world,NN,*mógo,high,6,mógo,Mógùgù,mṍgonṹ,Mṍgùspórúmṹ,mógogo,mṍgonũ,mṍgùnṹ
linguistics,NN,*líneni,medium,2,líneni,líínìnílí,líínẽnĩ́lí,,,,
to welcome,VB,*árama,high,5,árama,íàràmàmí,íàràmã̀lí,,iyàràmàmi,angaramãmĩ,íèrèmẽ̀mĩ
this,DT,*kogo,high,6,kogo,Kùgù,Kogo,Kùgù,Kogo,kogo,Kùgù
documentation,NN,*dénili,high,5,dénili,þàdénílí,þàdénĩ́lí,ðdénĩ́lí,ngdénilili,,ngdénĩ́lí
to be,VB,*sami,low,0,sami,,,,,,
to learn,VB,*sérimi,high,6,sérimi,íhérímídérímíqgìmì,ízérímĩ́dérímĩ́gemẽ,ízérímĩ́dérímĩ́mĩ,ingérimidérimimili,izérimĩdérimĩmĩ,íngérímĩ́dérímĩ́mĩ́lí
together,RB,*tírimi,high,6,tírimi,tíírímí,tíírímĩ,tíírímĩ,tírimi,tírimĩ,tíírímĩ
to speak,VB,*tálimi,high,5,tálimi,ídàlímímí,Idàlímĩ́nẽ,ídàlímĩ́mĩ,idàlimimi,,ídèlímĩ́mĩ
long,RB,*lóruma,high,4,lóruma,lórúmàgà,lórúmãã,Lórúmã,Lóruma,,
to reflect/to figure out,VB,*sérali,high,5,sérali,,ízéràlímĩ,ízéràlímĩ,ingéràlimi,izéralimĩ,nẽ́rílí
while,IN,*hére,high,6,hére,héré,héré,héré,Hére,Hére,Hérì
to build,VB,*fírimi,high,6,fírimi,ígíírímímí,ívíírímĩ́mĩ,ígíírímĩ́mĩ,igírimimi,ivírimĩmĩ,ívíírímĩ́mĩ́lí
to ensure,VB,*sérimi,high,6,sérimi,íqgérímímí,ízérímĩ́mĩ,ízérímĩ́mĩ,ingérimingingimi,izérimĩmĩ,íngérímĩ́dérímĩ́lí
expressive,JJ,*xérali,medium,3,xérali,xéràlí,,Xéràlí,xéràli,,
to hide,VB,*púruma,high,5,púruma,úbúúrúmàmí,úbúúrúmṹzúmm,ípúúrúmã,úurumàmu,ubúrumũmũ,
room,NN,*spíra,high,4,spíra,íàràmàmí,íàràmã̀lí,,,spíranĩ,hpíírènĩ
to grow,VB,*dárimi,high,6,dárimi,ídàrímíngímí,ídàrímĩ́mĩ,ídàrímĩ́zúmĩ,idàrimimi,idarimĩmĩ,ídèrímĩ́gìmĩ
also,CONJ,*tírimi,medium,2,tírimi,,tíírímĩ,,tírimi,,
if,CONJ,*héré,high,6,héré,Héré,Héré,Héré,Héré,héré,Héré
calculation,NN,*kérim,high,4,kérim,,kérím,kérím,,qérimĩnĩ,Kérímĩ̀shdérímõ̀gòòg
to hit,VB,*tórumo,high,6,tórumo,údórúmúmú,údrúmṹmmõ,údórúmũ̀dórúmã̀mṹ,udórumodórumàmu,udórumõdórumãmũ,útórúmũ̀dórúmõ̀mṹ
sentence,NN,*sómut,low,1,sómut,hómúthómút,,,,,
to see,VB,*vérima,high,6,vérima,ígérídérímímí,ívérímã̀mĩ,ígérímã̀zízímĩ,àgérimàmi,ivérimãzibimẽ,ívérímẽ̀mĩ
serious,JJ,*xórumo,high,4,xórumo,,xórúmõ,Xórúmũ̀ghórúmũ,,xórumõ,xórúmũ
stuff,NN,*spórum,low,1,spórum,hpórúmú,,,,,
friend,NN,*géri,high,5,géri,þàqgéríqgì,þàgérígérí,,ngqgériqgéri,þagérigéri,nggérígérí
excited,JJ,*férila,low,1,férila,,férílãã,,,,
to share,VB,*dérimi,medium,3,dérimi,ídérímímí,ídérímĩ́gemẽ,,idérimi,,
day,NN,*sélimi,high,6,sélimi,hélímí,sélímĩ́nĩ,sélímĩ,hélimini,sélimĩ,hélímĩ́nṹ
daily,JJ,*sélimili,low,1,sélimili,,,,hélimili,,
class,NN,*déni,high,6,déni,þàdénídénílí,þàdénĩ́dénĩ,ðdénĩ́dénĩ́lí,ngdéni,dzérenĩ,ngdénĩ
frame,NN,*súzu,low,1,súzu,,,,,súzu,
to endure,VB,*nérimi,medium,3,nérimi,ínérímímí,ínẽ́rímĩ́mĩ,ínẽ́rímĩ́mĩ,,,
to finish,VB,*dérimi,high,5,dérimi,ídérímímí,ídérímĩ́mĩ,ídérímĩ́dérímĩ́mĩ,,idérimĩdérimĩmẽ,ídérímĩ
many,DT,*zéreni,high,6,zéreni,ngérìní,tàzérenĩ,dzérìnĩ,dngéreni,dzérenĩ,ngérìnĩ
coffee,NN,*kávuru,high,6,kávuru,kàvúrú,kàvúrú,kàvúrú,kàvuru,kavuru,kòvúrú
to need,VB,*dézimi,high,6,dézimi,ídéngímímí,ídézímĩ́mĩ,ídézímĩ́mĩ,idéngimimi,idézimĩmĩ,ídèlímĩ́mĩ
field,NN,*xóronu,high,6,xóronu,xórùnúnú,xóronṹnṹ,xórùnṹnṹ,xóronunu,xóronũnũ,xórùnṹnṹ
computer,NN,*kómuru,high,5,kómuru,kómúrúnú,Kómṹrúgómṹrú,,kómuru,kómũrugómũru,kómṹrú
tool,NN,*tógoru,high,6,tógoru,tógùrúlú,tógorú,tógùrú,tógoru,tógoru,tógùrú
important,JJ,*zórumalu,high,5,zórumalu,,tàzórúmã̀lú,dzórúmã̀lú,dngórumàlu,dzórumãlu,ngórúmõ̀lú
new,JJ,*nérili,high,6,nérili,nérílí,nẽ́rílí,nẽ́rílí,nérili,nẽ́rilu,nẽ́rílí
data,JJ,*téreni,high,6,téreni,térìní,térenĩ,térìnĩ́lí,téreni,térenĩ,térìnĩ
to want,VB,*vézimi,high,6,vézimi,ígéngímímí,ívézímĩ́mĩ,ígézímĩ́mĩ,igéngimimi,ivézimĩmĩ,ívéngímĩ́mĩ
school,NN,*dénimi,medium,3,dénimi,,þàdénĩ́mĩ́nĩ,ðdénĩ́mĩ,,þadénĩmĩli,
project,VB,*gérimi,high,5,gérimi,Þàqgérímí,þàgérímĩ,ðqgérímĩ,ngqgérimi,,nggérímĩ
very,RB,*zúra,high,5,zúra,ngúúràgà,tàzúúrãã,dzúúrã,dngúra,dzúrã,
kind,JJ,*sólurulu,high,4,sólurulu,,,sólúrúlú,hóluruhólurulu,sólurulu,hórúlúnṹ
classroom,NN,*kórumu,high,5,kórumu,kórúmúnú,Kórúmṹnṹ,,kórumu,Kórumũnũ,kórúmṹnṹ
astronomer,NN,*fálurunadóruma,high,5,fálurunadóruma,Fàlúrúnàdórúmàgùùg,Fàlúrúnã̀drúmã̀gook,fàlúrúnã̀dórúmã,Fàlurunàdórumàgo,falurunãdórumã,
snack,NN,*sánomu,high,5,sánomu,hànùmú,sànõmṹ,sànĩ́mṹnã̀rú,hànomu,,hònũ̀mṹ
notebook,NN,*nóduru,high,4,nóduru,nótúrú,nṍdúrú,,,nṍduru-li,nṍdúrú
helpful,JJ,*hólurulu,medium,3,hólurulu,,hólúrúlú,,hólurulu,hólurulu,
story,NN,*sórumu,high,6,sórumu,hólúnúngórúmúlú,sórúmṹ,sólúnṹzórúmṹ,Aàrumàlu,sórumũ,mõ̀yshórúmṹ
karaoke,NN,*kánara,high,4,kánara,,,kànã̀ràlú,kànàràlu,kanãralu,kònõ̀ròlú
to go,VB,*bóromu,high,6,bóromu,þàbórùmúmú,àbóromṹmṹ,ðbórùmṹzúbúmĩ,ngbóromumu,þabóromũlu,úbórùmṹmṹ
to enjoy/like,VB,*fálumu,high,6,fálumu,fàlúmúnù,úvàlúmṹmṹ,úfàlúmṹmṹ,uvàlumu,ufalumũmũ,úfòlúmṹmṹ
laptop,NN,*míniri,medium,3,míniri,,,,míniriqge,mĩ́nĩri,Mĩ́ĩ́nĩ́rí
to use,VB,*tórumu,high,6,tórumu,tógùrúlú,údrúmṹmṹgo,údórúmṹmṹ,àlóngumu,idórumũmũ,údórúmṹmṹ
bed,NN,*súmuru,high,5,súmuru,húúmúrúnú,súúmṹrúnṹ,lúúmṹràlú,húmurumúrunu,súmũrunũ,
to charge,VB,*lúzumu,high,4,lúzumu,lúúngúmínìmí,lúúzúmṹ,,lúngumu,lúzumũmũ,
free,JJ,*múranulu,medium,3,múranulu,,mṹṹrànṹlú,,,mṹranũlu,mṹṹrònṹlú
event,NN,*fóruma,medium,2,fóruma,,fórúmã̀vórúmã̀lú,,,,fórúmõ̀lú
cherry,NN,*sakúra,medium,3,sakúra,,Sàgúúrãã,sàgúúrã,hàgúra,,
flower,NN,*kírimi,high,5,kírimi,,kíírímĩ,kíírímĩ,qírimili,kélirivérizi,qíírímĩ́gíírímĩ
beautiful,JJ,*lúmuralu,high,6,lúmuralu,lúúmúràlú,lúúmṹràlú,lúúmṹràlú,lúmuràlu,lúmũralu,lúúmṹròlú
quick,JJ,*fúdurulu,high,5,fúdurulu,fúúdúrúlú,fúdúbóromṹmṹ,Fúúdúrúlú,fúdurulu,fúdurulu,
brown,JJ,*bórunulu,low,1,bórunulu,,,ðbórúnṹlú,,,
fox,NN,*vúlumu,high,4,vúlumu,bbúúlúmúbúúlúmú,,bvúúlúmṹ,,tabúlumũ,vvúúlúmṹ
lazy,JJ,*nólumulu,high,5,nólumulu,nólúmúlú,,nṍlúmṹlú,nólumulu,nṍlumũlu,nṍlúmṹlú
dog,NN,*bárumu,medium,3,bárumu,Þàbàrúmúgù,,ðbàrúmṹgù,,Pobarumũbo,
to jump,VB,*púrumu,medium,2,púrumu,,,àvúúrúmṹvàrúmṹmṹ,,Pobarumũbo,
to pass,VB,*fárumu,low,1,fárumu,,,fàrúmṹdàrúmṹmṹ,,,
to miss/to lack,VB,*dólumu,high,5,dólumu,,sórúmṹ,ðdólúmṹgùmũ,ngdólumulu,udólumũmũ,òdòrúmṹmṹ
to end,VB,*nérimi,high,6,nérimi,nérímíqgì,ínẽ́rímĩ́mĩ,nẽ́rímĩ,unórumugomo,inẽ́rimĩgemẽ,únṍrúmṹgùmũ
to celebrate,VB,*férimi,high,6,férimi,ígérímíqgìmì,ívérímĩ́gemẽ,ígérímĩ́qgìmĩ,igérimiqgeme,avérimĩgemẽ,ívérímĩ́gìmĩ
Vancouver,NN,*Vánukuva,high,5,Vánukuva,,tàvànṹgúvànṹ,bvànṹgúvã,bvànuguvànu,bvanũguvanũ,vvònṹgúvòlú
spring,NN,*vóruma,high,6,vóruma,vvórúmànú,tàvórúmã̀nṹ,bvórúmã̀nṹ,bvórumàlú,bvórumãnũ,vvórúmõ̀nṹ
final,JJ,*nérimili,high,4,nérimili,,nẽ́rímĩ́lí,nẽ́rímĩ́lí,,nẽ́rili,nẽ́rímĩ́lí
to look forward to,VB,*límiri,high,6,límiri,ílíímírímí,ílíímĩ́rímĩ,ílíímĩ́rímĩ,ilímirimi,ilímĩrimĩ,ílíímĩ́rímĩ
week,NN,*zómuru,medium,3,zómuru,,,dzómṹrúgùlú,,dzamĩrizélimĩnĩ,ngómṹrúgùlú
quiz,NN,*tórunu,medium,3,tórunu,,trúnṹdrúnṹ,tórúnṹdórúnṹ,,tórunũ,
grateful,JJ,*górumula,medium,2,górumula,,,ðgórúmṹlã,,,nggórúmõ̀lòngò
library,NN,*pánuru,high,6,pánuru,pànúrúnú,pànṹrúnṹ,pànṹrúlúlú,Pànuruli,panũrunũ,pònṹrúnṹ
dictionary,NN,*móluru,medium,3,móluru,mólúrú,mṍlúrú,mṍlúrú,,,
song,NN,*mánaru,high,6,mánaru,mànàrú,mã̀nã̀rú,mã̀nã̀rúmã̀nã̀rú,mànàrumànàru,mãnãrumãnãru,mõ̀nõ̀rú
poem,NN,*rélama,medium,3,rélama,,,,rélàmàqgà,rélamãrélamã,rélúmṹ
to help,VB,*gérimi,high,5,gérimi,,ízàmĩ́mĩ,àqgérímĩ́mĩ,àqgérimimi,agérimĩmĩ,ègérímĩ́mĩ
rule,NN,*sélima,medium,2,sélima,hélímàqngà,,,,,hélímẽ̀hélímẽ̀ngè
bilingual,JJ,*polórumalu,low,0,polórumalu,,,,,,
to refuse,VB,*názimi,medium,2,názimi,,,ínã̀zímĩ́nĩ,,inãzimĩmĩ,
to burn,VB,*xázimi,low,0,xázimi,,,,,,
ring/circle,NN,*kólo,high,6,kólo,kólù,kólo,kólù,kólo,kólogólo,kólù
offer,NN,*bórumu,low,1,bórumu,,,ðbórúmṹ,,,
and,CONJ,*hére,high,6,hére,hérì,hére,hérì,hére,hére,hérì
what,WH,*lízera,low,1,lízera,xélírí,,,,,
true,JJ,*xéliri,high,4,xéliri,xélírí,xélírínẽ,xélírí,,,xélírí
point of view,NN,*vérizi,high,4,vérizi,xélírí,sérímĩ,térìnĩ,,bvarigadi,
museum,NN,*donubánu,high,4,donubánu,þàdùnúbànúlú,þàdonṹbànṹnṹ,,,þadonũbanũ,ngdùnṹbònṹnṹ
eye,NN,*múru,high,5,múru,múúrúdàgù,,mṹṹrúnṹ,Tàmomúrudogo,mṹrudógorugo,pùmṹṹrúdù
lifeless,JJ,*múranulu,low,1,múranulu,,,mṹṹrànṹlú,,,
black,JJ,*bóhrunu,high,5,bóhrunu,,Þàbóhrúnṹ,Ðbóħrúnṹvàrímĩ́lí,ngbóħrunulu,þabóħrunũ,ngbóħrúnṹ
doll,NN,*sóluma,low,1,sóluma,,,sólúmã,,,
like,ADP,*tírimi,high,5,tírimi,fàlúmúnù,tàvérízínĩ,tíírímĩ,,Tímẽ,ívíírímĩ́mĩ́lí
frankly,RB,*xérali,medium,3,xérali,,Xéràlí,,Xéràli,,Xérèlí
beloved,NN,*férigéri,low,1,férigéri,,,,kériqgéri,,
damn,NN,*kérim,low,1,kérim,,,,qérimoshtórumodóruma,,
to give,VB,*tórumu,high,5,tórumu,tórúmúbú,údrúmõzúbúmṹ,údórúmṹzúbúmṹ,udórumomu,,údórúmũ̀mṹ
to blow,VB,*périmi,low,1,périmi,íbérímídérímímí,,,,,
home,NN,*súmura,medium,3,súmura,húúmúràlú,,,dngúràgúra,súmũralu,
to look,VB,*vérima,high,6,vérima,ílíímírímí,ívérímã̀mĩ,ígérímã̀zízímĩ,igérimàngimi,amẽ́rimĩ,vvèrínĩ
kid/child,NN,*dórumu,high,6,dórumu,þàdórúmú,þàdrúmṹlú,ðdórúmṹ,ngdórumu,þadórumũ,ngdórúmṹ
question,NN,*sélima,low,1,sélima,hélímàqngà,,,,,
uh,UH,*glé,low,0,glé,,,,,,
scholar,NN,*zúradóruma,high,6,zúradóruma,ngúúràdórúmàgù,Pozúúràdrúmã̀õ,dzúúràdórúmã̀gù,Pongúràdórumàwo,dzúradórumãgo,ngúúròdórúmõ̀gòòg
to be able to,MD,*fárumu,low,0,fárumu,,,,,,
to stop,VB,*nérimi,low,1,nérimi,,nẽ́rímĩ,,,,
should,MD,*dézimi,medium,3,dézimi,,ídézímĩ́mĩ,,,þadézimĩ,ngdéngímĩ
vestal,NN,*nérimidérima,low,1,nérimidérima,,,,,,Nẽ́rímĩ́dérímẽ̀ngè
pure,JJ,*múranuzómut,low,1,múranuzómut,,,,,,mṹṹrònṹngómṹdù
fate,NN,*sélimi,medium,2,sélimi,hélímílí,,,,sélimĩ,
happy,JJ,*férimala,high,5,férimala,àgérímàlàngímí,férímã̀lãã,férímã̀làqgà,àgérimàlàngimi,,kérímẽ̀lèngè
to forget,VB,*dólumu,medium,3,dólumu,ídólúmúmú,,,udólumumu,,údólúmṹmṹ
to forgive,VB,*várudólumu,low,0,várudólumu,,,,,,
or,CONJ,*hére,medium,2,hére,,hére,,hére,,
to rain,VB,*shíyni,high,5,shíyni,ízhííynímí,ízhííynĩ́mĩ,,ishíynimi,ishíynĩmĩ,shííynĩ́mĩ́gì
mountain,NN,*zeħris,high,5,zeħris,ngìħríh,tàzeħríslí,dzìħríslí,dngeħrih,dzeħris,
to sleep,VB,*órumo,high,6,órumo,àórúmúmú,à-órúmõ-mĩ,àwórúmũ̀mṹ,àwórumogomo,aórumõmũ,òórúmũ̀mṹ
to read,VB,*elirízimi,high,5,elirízimi,íìlírííngímíngíngímílí,,íìlíríízímĩ́zízímĩ,ieliríngimimili,ielirízimĩnẽ,íìlírííngímĩ́mĩ
to dance,VB,*názaluzo,low,1,názaluzo,,,,,unãzaluzo,
proud,JJ,*xórughuralu,medium,2,xórughuralu,xórúghúràlú,xórúghúràlú,,,,
man,NN,*háruma,high,4,háruma,,hàrúmã̀go,úbàrúmã̀mṹ,hànomu,ubarumãmũ,
empty,JJ,*sám,medium,3,sám,,,,hàm,sam,Sèm
desert,NN,*xóronuzám,high,4,xóronuzám,xórùnúnú,xóronṹzàmlú,xórùnṹzàmṹshnṹ,,,xórùnṹngòmṹshnṹ
to flee/to run,VB,*fudubóromu,high,4,fudubóromu,,úvúdúbóromṹgomõ,fúúràmṹ,pàlumudóruma,,fúúròmṹ
gunslinger,NN,*tórumodóruma,low,1,tórumodóruma,,Tórúmõdrúmã̀gook,,,,
terror,NN,*mózu,medium,3,mózu,,Mṍzú,,móngu,mṍz,
twenty,CARD,*kádi,medium,3,kádi,qàdí,kàdíngéreúú,,,bvézingangali,
eight,CARD,*ú,high,5,ú,Ú,úú,úú,ú,nĩzã,
judge,NN,*téme,medium,3,téme,,ídémẽnĩ́mĩ,,idémenimi,tímẽ,
to judge,VB,*témeni,high,4,témeni,ídémìmí,ídémẽnĩ́dérímĩ́mĩ,,idémenimi,idémẽnĩdérimĩmĩ,
critic,NN,*támodóruma,medium,3,támodóruma,,tàmõdrúmã̀gook,,Tàmodórumàgo,tamõdórumã,
to critique,VB,*támodórumanu,low,1,támodórumanu,í-témìmí,,,,,
year,NN,*vári,medium,3,vári,ggàrígàríní,,,,bvarivarili,vvèrínĩ
to begin,VB,*vózu,medium,2,vózu,,úvózúmṹ,,uvóngumumu,,
boat,NN,*púda,low,1,púda,,,,púda,,
paper,NN,*léda,medium,2,léda,,,,lédàni,lédalédã,
to float,VB,*némi,medium,3,némi,némímí,ínẽ́mĩ,nẽ́mĩ́mĩ,,,
gutter,NN,*xálo,medium,3,xálo,xàlùnú,xàlonṹ,xàlùnṹ,,,
rain,NN,*shíynimi,high,5,shíynimi,ízhííynímí,íjííynĩ́mĩ,,ishíynimi,ishíynĩmĩ,shííynĩ́mĩ́gì
Mr. (honorific senior male),NN,*máguzu,low,0,máguzu,,,,,,
Mrs. (honorific senior female),NN,*mágizi,low,1,mágizi,,,mã̀qgízíqgì,,,
normal,JJ,*sólumalu,low,0,sólumalu,,,,,,
to cool,VB,*xázumumórumu,low,0,xázumumórumu,,,,,,
to say/to tell,VB,*tálimi,low,1,tálimi,ídàlímíngíngímí,,,,,
wing,NN,*zélirilára,medium,2,zélirilára,kélàrídàqngà,,,kélàridàqgà,,
family,NN,*núma,high,5,núma,,nṹṹmã̀gàrú,nṹṹmã,núma,nṹmãgaru,nṹṹmõ̀gòòg
alike/same,JJ,*sámi,low,0,sámi,,,,,,
unhappy,JJ,*férine,low,1,férine,,,,,,kérínĩ
way/manner,NN,*vérizi,high,5,vérizi,hérì,nẽ́rílí,ízàmĩ́mĩ,,kélirivérizi,ngérènĩ
all/each,DT,*zéreniri,high,6,zéreniri,ngérìnírílí,íínferenĩ,ízéràdímĩ,Hére,dzérenĩri,hérìgì
to remain,VB,*séradi,high,6,séradi,héràdímí,ízéràdímĩ́mĩ,ízéràdímĩ,ingéràdimi,azéradimĩ,íngérèdímĩ
soon,RB,*márali,medium,2,márali,,,,màràli,,mẽ̀rèlí
program,NN,*dóruva,high,6,dóruva,þàdórúvàgà,þàdrúvànṹ,ðdórúvã,ngdóruvànu,þadóruvã,ngdórúvòngò
always,RB,*zérani,high,5,zérani,ngéràní,nṍràmãã,ízàmĩ́mĩ,,dzéranĩ,ngérènĩ
video,NN,*tóralu,medium,2,tóralu,,,,,tóralugóruamã,tóròlú
to cook,VB,*fíza,low,1,fíza,,,ígíízàmĩ,,,
President,NNP,*máguzúra,high,4,máguzúra,Màgúngúúràgà,mã̀gúzúúràgo,mã̀gúzúúrã,,Mãguzúrago,
future,NN,*nérivári,medium,3,nérivári,,,nẽ́rígàrínĩ,,nẽ́rivari,nẽ́rívèrínĩ
market,NN,*márunu,high,5,márunu,màrúnúnú,mã̀rúnṹnṹ,mã̀rúnṹ,,mãrunũlu,mõ̀rúnṹ
tea,NN,*téziri,high,6,téziri,téngírí,tézírí,tézímĩ́lí,Teli,téziri,nẽ́rílí
river,NN,*zárunu,high,5,zárunu,ngàrúnúnú,tàzàrúnṹnṹ,dzàrúnṹlú,dngàrunubàrolulu,dzarunũ,
to flow,VB,*mézimi,high,5,mézimi,,ízàmĩ́mĩ,ígérímã̀mĩ,iméngimimi,imẽ́zimĩmĩ,ígérímĩ́mĩ
busy,JJ,*nólumuno,low,0,nólumuno,,,,,,
to be born,VB,*múranutórumu,low,1,múranutórumu,,,,,umṹranũtórumũmũ,
glory,NN,*mulugóramu,low,0,mulugóramu,,,,,,
letter,NN,*rázumu,low,1,rázumu,,,,,,ròngúmṹ
bridge,NN,*báluru,medium,3,báluru,,Þàbàlúrúgo,,,þabaluru,ngbòlúrúnṹ
bicycle,NN,*pórunu,medium,2,pórunu,,pórúnṹ,pórúnṹgù,,,
to repair,VB,*kázumu,high,6,kázumu,úgàngúmúmú,úgàzúmṹdàrúmṹmṹ,úgàzúmṹmṹ,ukàngumumu,ugazumũ,úkòngúmṹmṹlú
April,NNP,*Kúrumuvóruma,high,4,Kúrumuvóruma,ħħórúmúvórúmànú,Kúúrúmṹvórúmã̀nṹ,tàħórúmṹvórúmã̀nṹ,,taħórumũvórumãnũ,
cold,JJ,*ħórumu,medium,3,ħórumu,,tàħórúmṹ,tàħórúmṹ,tàħórumuvórumàlú,,
bright,"(ie, happy light)",*férimili,high,4,férimili,,férímĩ́lí,férímĩ́lí,kérimili,þaglízali,
clock,NN,*sólunudógoru,medium,2,sólunudógoru,,sólúnṹdógorúzólúnṹdógorúgook,,hólunudógoru,,
thirteen,JJ,*vési,medium,3,vési,hàlú,hàlú,,,halu,
time,NN,*sólunu,high,4,sólunu,,tàzàlúmṹzólúnṹgo,sólúnṹzórúmṹ,Sólunulu,,hólúnṹ
to play,VB,*pálumu,high,6,pálumu,úbàlúmúmú,pàlúmṹ,pàlúmṹmṹ,àpàlumumu,palumũmũ,úbòlúmṹmṹ
to review,VB,*périmi,high,4,périmi,íbérímíngíngímí,íbérímĩ́mĩ,íbérímĩ,,ibérimĩzizimĩ,
efficient,JJ,*hélirili,high,4,hélirili,hélírílí,hélúrúlú,,hélirili,,hélírílí
to be careful,VB,*vérima,low,1,vérima,,,ígérímã̀zízímĩ,,,
to sit,VB,*sólumu,high,5,sólumu,àhólúmúngúngúngúmú,úzólúmṹmṹ,,àngólumungumu,uzólumũmũ,òngólúmṹngúbúmṹ
person,NN,*náruma,high,6,náruma,nàrúmànàrúmàlú,nã̀rúmã̀nã̀rúmã̀gook,nã̀rúmã̀nã̀rúmã̀gùùng,nàrumànàrumàgo,nãrumãnãrumãgo,nõ̀rúmõ̀nõ̀rúmõ̀lú
to drink,VB,*nízimi,high,6,nízimi,ínííngímímí,ínĩ́zímĩ́mĩ,ínĩ́ĩ́zímĩ́zízímĩ,iníngimimi,inĩzimĩ,ínĩ́ngímĩ́mĩ
energy,NN,*zérimi,high,4,zérimi,ngérímílí,,,dngérimidérimàli,dzérimĩ,ngérímĩ
charm,NN,*véramizéridáge,low,0,véramizéridáge,,,,,,
toe,NN,*fíza,low,0,fíza,,,,,,
to recover/regain,VB,*mérimi,medium,2,mérimi,,,,,imẽ́rimĩgemẽ,ímẽ́rímĩ́mĩ
window,NN,*vólumu,medium,3,vólumu,,,bvólúmṹlú,bvólumumúrunu,,vvólúmṹnṹ
bus,NN,*trávumudógoru,medium,2,trávumudógoru,,,tràvúmṹdógùrúnṹ,,Travumũdógoru,
snow,NN,*súnaru,medium,3,súnaru,,úzúúnã̀rúnṹmṹ,,,súnãruzanõmũlu,húúnõ̀rú
road,NN,*márugu,medium,3,márugu,màrúgúnú,mã̀rúgúlú,,,mãrugunũ,
lamp,NN,*dórunu,low,1,dórunu,,,,,þadórunũnũ,
business,NN,*nólumunonu,low,0,nólumunonu,,,,,,
music,NN,*límeri,high,5,límeri,làmùrúdórúmàgùùg,,líímĩ̀rí,límeri,límẽri,hélímĩ
small,JJ,*póluru,medium,2,póluru,pólúrílàgà,,Pólúrúlã,,,
secret,NN,*púrumunu,medium,3,púrumunu,púúrúmúnú,,,púrumunu,ubúrumĩnũ,
bird,NN,*túrumu,high,6,túrumu,túúrúmúlú,túúrúmṹlú,túúrúmṹgù,túrumu,túrumũgo,túúrúmṹmṹṹrúnṹ
sky,NN,*féliri,high,6,féliri,kéríríní,félírínĩ,félírínĩ,kélirini,kélirivérizi,kérírínĩ
game,NN,*dózama,medium,3,dózama,þàdóngàmàgà,,,ngdóngàma,þadózamã,
stranger,NN,*pórumu,low,1,pórumu,,,,,,pórúmṹbórúmṹ
kindness,NN,*sórulu,low,1,sórulu,,,,,,hórúlúnṹ
to depend,VB,*zórumu,low,1,zórumu,,,,,,úngórúmṹmṹ
wool,NN,*lúmuralurázamu,low,0,lúmuralurázamu,,,,,,
bat,NN,*vúrunámora,low,1,vúrunámora,tórúmùbàlúrúgù,,,,,
to be surprised,VB,*vóruza,high,6,vóruza,í-hàmí-mí,ízàmĩ́mĩ,ízàmĩ́mĩ,ingàminemi,izamĩmĩ,íngèmĩ́mĩ́lí
to seize / to grasp,VB,*páruma,low,1,páruma,,úbàrúmã̀mṹ,,,,
boy,NN,*dóramu,low,1,dóramu,,Þàdràmṹdràmṹgook,,,,
life,NN,*múranu,high,6,múranu,Sélímí,mṹṹrànṹmṹṹrànṹ,mṹṹrànṹlú,umúrànu,mṹranũzalumã,mṹṹrònṹngólúnṹ
extraordinary,JJ,*zórazalu,high,4,zórazalu,ngóràngàlú,tàzórúzílú,,dngóràngàlu,dzórazalu,
to daydream,VB,*sélimivélimi,low,1,sélimivélimi,,ízélímĩ́vélímĩ́mĩ,,,,
ambition,NN,*mégevélami,low,1,mégevélami,,,,,mẽ́gevélamĩ,
pizza,NN,*píza,low,0,píza,,,,,,
Swedish,JJ,*Swidi,medium,2,Swidi,,,,Swidiqge,Swidige,
director,NN,*tóralugóruama,high,6,tóralugóruama,tóràlúgórúàmàgà,Tóràlúgórúàmã̀gook,tóràlúgórúwàmã̀gùùng,tóràlugóruwàmàgo,tóralugóruamãgo,tóròlúgórúòmõ̀gù
death,NN,*míraninéri,medium,2,míraninéri,,,,,mĩ́ranũnẽ́rili,mĩ́ĩ́rènĩ́nẽ́rílí
cat,NN,*mázumu,high,5,mázumu,màngúmú,,mã̀zúmṹ,màngumugo,mãzumũ,Mõ̀ngúmṹ
to chase,VB,*dárumu,high,5,dárumu,àdàrúmúmú,Þàdàrúmõdrúmã̀gook,àdàrúmṹmṹ,,adarumũmũ,òdòrúmṹmṹ
to climb,VB,*fárumu,low,1,fárumu,,,úvàrúmṹmṹ,,,
tree,NN,*kóramudógoru,medium,3,kóramudógoru,,kóràmṹdógorúnṹ,kíírímĩ́dógùrúlú,,,kóròmṹdógùrúgóvúnṹ
hand,NN,*lóra,high,6,lóra,úlóràdàrúmúmú,nĩ́lóràdàgo,Tùlóràdàgùùng,lóràdàtàgo,ulóradarumũmũ,lóròdòngò
to ache,VB,*kérimi,high,6,kérimi,tíírímí,kérímĩ́mĩ,tézímĩ́lí,qírimi,igérimĩmĩ,nẽ́rílí
to break,VB,*dórumodóruma,low,0,dórumodóruma,,,,,,
leg,NN,*néri,medium,3,néri,nérídì,,nẽ́rídì,,nẽ́ridedage,
heart,NN,*múranuzómut,high,5,múranuzómut,númúúrànúngómúttàgà,mṹṹrànṹzómṹt,,Numúrànungómudàgo,mṹranũzómũt,Nṹmṹṹrònṹngómṹdògù
to count,VB,*kérimi,medium,3,kérimi,,,íqgérímĩ́mĩ,,kélirinãvélirinã,ígérímĩ́mĩ
to possess/own,VB,*páruma,high,5,páruma,þàdórúmàmúúrú,lórúmãã,úbàrúmã̀mṹ,púda,ubarumãmũ,
shimmer,NN,*glíza,medium,3,glíza,,,,ngglíngàqgà,Þaglízamĩ,ngglííngègèèd
to glow,VB,*glizami,medium,2,glizami,,þàglízàmĩ,,ngglingàmi,,
to distract,VB,*lémarimi,high,5,lémarimi,ílémàrímímí,ílémã̀rímĩ́nẽ,,ilémàrimimi,i-lémãrimĩmĩ,ílémẽ̀rímĩ́mĩ
hunter,NN,*dárumodóruma,high,6,dárumodóruma,Þàdàrúmùdórúmàgùùg,Þàdàrúmõdrúmã̀go,Ðdàrúmũ̀dórúmã,Zdàrumodórumàgo,Þadarumõdórumãgo,Tórúmũ̀dórúmõ̀gòòg
fox,NN,*vúlumu,high,4,vúlumu,bbúúlúmúbúúlúmú,,bvúúlúmṹ,,tabúlumũ,vvúúlúmṹ
target,NN,*tórunu,high,5,tórunu,tórúnú,trúnṹdrúnṹ,tórúnṹ,tórunudórunu,,tórúnṹ
tongue,NN,*zálumadárama,low,0,zálumadárama,,,,,,
to find,VB,*kélimi,high,6,kélimi,íqgélímímí,ígélímĩ́mĩ,íqgélímĩ́zímĩ,iqgélimimi,igélimĩgemẽ,ígélímĩ́mĩ
to gift,VB,*tórumuzubimi,low,0,tórumuzubimi,,,,,,
caffeinated,JJ,*kávuruzúra,low,1,kávuruzúra,,,,,,kòvúrúngúúròngò
snacker,NN,*sánumunáru,medium,3,sánumunáru,hànùmúnàrú,sànṹmṹnã̀rúgo,,hànomunàru,,
tired,JJ,*zérimidérimali,medium,3,zérimidérimali,ngérímídérímàngérímídérímàlí,,,dngérimidérimàli,dzérimĩdérimãli,
professor,NN,*zúramáguzúra,medium,3,zúramáguzúra,ngúúràgúúràgà,,,dngúràmàgungúràngúràmàgungúra,,ngúúròmõ̀gúngúúrògòòg
teacher,NN,*zúragúra,high,6,zúragúra,ngúúràgúúràgà,tàzúúràgúúràlí,dzúúràgúúrã,dngúràgúràgo,dzúragúrago,ngúúrògúúrògòòg
nuisance,NN,*kérimoshtórumodóruma,low,1,kérimoshtórumodóruma,,,,qérimoshtórumodóruma,,
emperor,NNP,*Máguzúrazóronara,high,6,Máguzúrazóronara,Màgúngúúràngórùnàràgùùg,mã̀gúzúúràzóronã̀ràgook,Mã̀gúzúúràzórùnã̀ràgùùng,Màgungúràngóronàràgo,Mãguzúrazóronãrago,Mõ̀gúngúúròngórùnõ̀rògòòg
ice cream,NN,*súnaruzánomu,medium,2,súnaruzánomu,,,,,súnãruzanõmũlu,mṹṹrònṹngólúnṹ
stately,JJ,*máguzulu,low,1,máguzulu,,,,,mãguzulu,
animal,NN,*báruna,high,4,báruna,,,mṹṹrànṹbàrúmṹ,ngbàruna,þabarunã,ngbòrúnõ̀lú
dome,NN,*spíra,medium,2,spíra,,,spíírànṹ,,spíranĩ,
fish,NN,*nímera,medium,2,nímera,níímìràqgì,,pìnĩ́ĩ́mĩ̀ràqgà,,,
to fish,VB,*bílega,medium,2,bílega,þàbíílìqgàmí,,pìnĩ́ĩ́mĩ̀ràqgà,,,
red,JJ,*xáru,high,4,xáru,,xórúmõ,tànṹrú,,Xaru,xòrú
mathematician,NN,*kérimeshdérima,low,1,kérimeshdérima,,,,,,Kérímĩ̀shdérímõ̀gòòg
knowledge,NN,*sérimini,medium,3,sérimini,hérímíní,sérímĩ́nĩ,sérímĩ́nĩ,,,
scientist,NN,*sériminizéradarima,high,5,sériminizéradarima,hérímíníngéràdàrímàqgììd,,Sérímĩ́nĩ́zéràdàrímã̀qgììn,hériminingéràdàrimàqgà,sérimĩnĩzéradarimã,hérímĩ́nĩ́ngérèdèrímẽ̀ngè
to run,VB,*rúzamu,high,6,rúzamu,àrúúngàmúmú,àrúúzàmṹmṹ,àrúúzàmṹzúzúmṹ,àrúngàmungungumu,arúzumũzubumũ,rúúngòmṹmṹ
conscience,NN,*gorumaluxórumu,low,1,gorumaluxórumu,,,ðgùrúmã̀lúghórúmṹ,,,
kilometer,NN,*kílimiri,high,5,kílimiri,qíílímíríqgíílímírí,,kíílímĩ́rí,qílimiri,qílimĩri,qíílímĩ́rí
race,NN,*fúramu,high,5,fúramu,,fúúràmṹnṹ,fúúràmṹnṹ,fúràmuhpàrànu,fúramũnũ,fúúròmṹnṹ
binoculars,NN,*múrudógoru,low,1,múrudógoru,,,,,mṹrudógorugo,
to get married,VB,*númazamu,high,5,númazamu,ànúúmàngàmúgùmù,mã̀nã̀rúmã̀mṹ,mã̀nã̀rú,màyhpànomu,,ngbórùmṹ
month,NN,*sélimivári,low,1,sélimivári,hélímígàríní,,,,,
good,JJ,*górumalu,high,5,górumalu,þàdórúmàmúúrú,,ðgórúmṹ,nggórumàlu,þagórumãlu,nggórúmõ̀lú
best,RB,*górumu,low,1,górumu,,,,nggórumu,,
worst,RB,*mórumu,low,1,mórumu,,,,mórumu,,
age/era,NN,*vórunu,high,5,vórunu,tógùrúlú,lórúmã̀lú,lórúmã,lóruma,kavuru,
wisdom,NN,*zárumu,medium,3,zárumu,,,dzàrúmṹ,dngàrumu,dzarumũ,
blood,NN,*xárumútúzuma,low,0,xárumútúzuma,,,,,,
foolishness,NN,*bóruno,low,1,bóruno,,,,ngbóruno,,
belief,NN,*xórumu,low,1,xórumu,,,,xórumu,,
incredulity/disbelief,NN,*xórumuno,low,0,xórumuno,,,,,,
season,NN,*tóruvoru,medium,2,tóruvoru,,,,tóruvorulu,uvóruzamũ,
light,NN,*mili,medium,3,mili,,,mĩ́lí,mili,,mĩ́líqèèd
light,JJ,*milili,medium,3,milili,,,mĩ́lí,mili,,mĩ́líqèèd
darkness,NN,*miline,medium,3,miline,,,,miline,mĩlinẽzeħrisnĩ,mṹlúnũ̀ngólúnṹnṹ
hobby,NN,*fólumugóruama,low,1,fólumugóruama,,,fólúmṹzérímĩ,,,
path,NN,*láka,low,1,láka,,,,,lagã,
to hike,VB,*túra,medium,2,túra,,,,túra,udúramũ,
a hike,NN,*túramu,medium,2,túramu,,,,túra,túramũ,
easy/simple,JJ,*sélireli,low,1,sélireli,,,,hélireli,,
dark,JJ,*milineli,high,5,milineli,mílínìlí,mĩ́línẽlí,ímĩ́línĩ̀zìħríslí,,mĩlinẽzeħrisnĩ,mĩ́línĩ̀lí
hope,NN,*góruma,medium,2,góruma,,,,nggóruma,þagórumã,
winter,NN,*ħórumu-vóruma,high,4,ħórumu-vóruma,ħħórúmúvórúmànú,tàħórúmṹnṹ,tàħórúmṹvórúmã̀nṹ,,taħórumũvórumãnũ,
despair,NN,*górumano,medium,2,górumano,,,ðgórúmã̀nũ,nggórumàno,,
later,RB,*márali,low,1,márali,,,Mã̀ràlí,,,
beach,NN,*bárolu,medium,2,bárolu,,þàbàrolúlú,ðbàrùlúlú,,,
agent,NN,*dóranáruma,high,4,dóranáruma,þàdórànàrúmàgù,þàdrànã̀rúmãã,,ngdórànàruma,,ngdórònõ̀rúmõ̀lú
AI,NN,*áimi,low,0,áimi,,,,,,
idea,NN,*vérami,medium,3,vérami,,tàvéràmĩ́véràmĩ,tàgéràmĩ,,,vvérèmĩ
system,NN,*dórava,high,6,dórava,þàdóràvàgà,àímĩ́dràvãã,Ðdóràvàgù,ngdóràva,þadóravã,ngdóròvòngò
evolution,NN,*vóramu,medium,2,vóramu,,,,bvóràmu,bvóramũ,
readme,NN,*dézielirízimini,low,0,dézielirízimini,,,,,,
automation,NN,*tóravimi,low,1,tóravimi,,,,tóràgimili,,
training,NN,*séravimi,medium,2,séravimi,,séràvímĩ́lí,,,,hérèvímĩ
to evoke/to awaken,VB,*vóna,high,5,vóna,úvónàmú,tàvónã̀mṹ,,uvónàmu,uvónãmũ,úvónõ̀mṹ
mist,NN,*shíynimi,high,4,shíynimi,shííynímílí,,shííynĩ́mĩ́lí,,shíynĩmĩli,shííynĩ́mĩ́lú
mouth,NN,*vérizi,low,0,vérizi,,,,,,
morning,NN,*kúrumuvóruma,high,4,kúrumuvóruma,Kúúrúmúvórúmànú,,kúúrúmṹvórúmã,Kúrumuvórumànu,kúrumũvórumãnũ,
fist,NN,*tárumu,low,0,tárumu,,,,,,
to raise,VB,*páruma,low,0,páruma,,,,,,
hell,NN,*mózulu,low,0,mózulu,,,,,,
rock,NN,*kárunu,medium,2,kárunu,,,,Kàrunugo,,kòrúnṹgòrúnṹ
to roll/float,VB,*némi,high,4,némi,némímí,ínẽ́mĩ,nẽ́mĩ́mĩ,inémimi,,
to crash,VB,*dúramu,medium,2,dúramu,,údúúràmṹzúnõ,,udúràmumu,,
downward,RB,*márugulu,medium,2,márugulu,,mã̀rúgúlú,,màrugulu,,
baboon,NN,*babún,high,4,babún,þàbàbúúnúshbàbúúnúshgùùg,þàbàbúúnṹshbàbúúnṹshkook,,ngbàvúnàgo,,ngbòvúúnṹshmṹṹrúnṹ
bread,NN,*bádu,medium,2,bádu,,þàbàdú,,,þabadu,
house,NN,*dómuru,high,6,dómuru,þàdómúrú,Þàdómṹrúgo,ðdómṹrú,ngdómurunu,þadómũrunũ,ngdómṹrúnṹ
to lose,VB,*dólumu,medium,3,dólumu,údólúmúmú,údólúmṹnõ,údólúmṹmṹ,,,
fen/marsh,NN,*shúynuxóronu,low,0,shúynuxóronu,,,,,,
marshy,JJ,*shúynughóronulu,low,0,shúynughóronulu,,,,,,
magic,NN,*véramizérimi,low,0,véramizérimi,,,,,,
long ago,RB,*lóruma,high,5,lóruma,lórúmàgà,lórúmã̀mṹ,lórúmã,Lóruma,,lórúmõ̀lórúmõ̀ngò
wind,NN,*zéliri,medium,3,zéliri,bbúúrú,,Ðdúúrúmṹ,dngéliriqge,,
cloud,NN,*nórumu,medium,2,nórumu,nórúmúnórúmú,,nṍrúmṹnṍrúmṹ,,,
park,NN,*vórulu,high,5,vórulu,,tàvórúlúnṹ,bvórúlúnṹ,bvórulunu,bvórulunũ,vvórúlúnṹ
star,NN,*félirina,high,6,félirina,Fàlúrúnàdórúmàgùùg,félírínã̀félírínãã,félírúnã̀gélírínã,Fàlurunàdórumàgo,falurunãdórumã,kélírínĩ
to sing,"(ie, that which produces a song)",*mánaruma,high,6,mánaruma,àmànàrúmàngúbúmú,úmã̀nã̀rúmã̀mṹ,mã̀nã̀rúmã,imànàrumàgomo,mãnãrumãmã,úmõ̀nõ̀rúmõ̀mṹ
sun,NN,*fázumu,high,6,fázumu,fàhúmúgù,fàsúmṹgo,fàzúmṹlú,fàngumulu,fazumũgo,fòngúmṹlú
to eat,VB,*zálumu,high,6,zálumu,àngàlúmúmú,úzàlúmṹmṹ,àzàlúmṹmṹ,ungàlumu,azalumũzumũ,òngòlúmṹmṹ
food,NN,*záluma,medium,3,záluma,,tàzàlúmã̀nṹ,,dngàluma,dzalumã,
satiated,NN,*zálumazúra,low,1,zálumazúra,,tàzàlúmã̀zúúràllú,,,,
water,NN,*túzuma,high,4,túzuma,,mã̀ysnṹ,túúzúmã,túnguma,túzumã,
night,NN,*mulunozólunu,medium,2,mulunozólunu,múlúnùngólúnúnú,,,,,mṹlúnũ̀ngólúnṹnṹ
moon,NN,*lánumu,high,4,lánumu,lànúmú,lànṹmṹgo,,lànumugo,,lònṹmṹgù
lunch,NN,*zálumuzólunu,medium,3,zálumuzólunu,,tàzàlúmṹzólúnṹgo,dzàlúmṹzólúnṹ,,dzalumũzólunũ,
top secret,JJ,*mágupúrumanulu,high,4,mágupúrumanulu,nàrúmànàrúmàlú,,,kórumunu,súmũrunũ,úkòngúmṹmṹlú
to rise,VB,*vóvuma,high,6,vóvuma,úvóvúmàmú,úvóvúmã̀mṹ,úvórúzàgùmũ,àvórungàmu,uvóvumãmũ,úvóvúmõ̀mṹ
tomorrow,RB,*vóruna,low,1,vóruna,,tàvórúnãã,,,,
who,WH,*lízire,high,6,lízire,llímíréngàmí,Líízíreo,Líízírìù,língireo,Lízireo,Lííngírìù
present/gift,NN,*póruma,low,1,póruma,,,,póruma,,
personal time,NN,*múranuzólunu,medium,3,múranuzólunu,,tàzàlúmṹzólúnṹgo,Mã̀gúzúúràzórùnã̀ràgùùng,,,mṹṹrònṹngólúnṹ
to sacrifice,VB,*téramadérimi,medium,2,téramadérimi,,,ítéràmã̀dérímĩ́mĩ,,,údéròmõ̀dérímĩ́mĩ
unique/extraordinary,JJ,*zórazalu,high,4,zórazalu,ngóràngàlú,tàzórúzílú,,dngóràngàlu,dzórazalu,
riverbank,NN,*zárunubárolu,medium,2,zárunubárolu,,,,dngàrunubàrolulu,dzarunũbarolunũ,
everything,NN,*mógospórumu,medium,3,mógospórumu,úngólúmúmú,,Mṍgùspórúmṹ,,,Mṍgùhpórúmṹ
empty,JJ,*sám,medium,3,sám,,,,hàm,sam,Sèm
book,NN,*ládamóluru,high,5,ládamóluru,mólúrú,nĩ́lóràdàgo,,mólurumóluru,mṍlurumṍluru,údólúmṹmṹ
garden,NN,*kóvunu,high,6,kóvunu,kóvúnúnú,kóvúnṹnṹ,kóvúnṹnṹ,kóvununu,kóvunũnũ,Kóvúnṹnṹ
although,SCONJ,*kogono,medium,3,kogono,,Kogonõ,Kùgùnũ,,Kogonõ,
otherwise,RB,*kogonováruzulu,high,4,kogonováruzulu,kùgùnùvàrúngúlú,,,Kogonovàrungulu,Kogonõvaruzulu,Kùgùnũ̀vòrúngúlú
lizard,NN,*polunámora,medium,2,polunámora,,,pùlúnã̀mũ̀rã,,polunãmõrago,
to walk,VB,*búlumu,high,4,búlumu,,àbúúlúmṹ,,àvúlumumu,abúlumũmũ,òvúúlúmṹmṹ
statistics,NN,*stádira,high,4,stádira,htàdúràdórúmàgà,stàdírãã,,htàduràdóruma,,Stèdírèngè
inference,NN,*ínfereni,low,1,ínfereni,,íínferenĩ,,,,
strip/slice,NN,*réza,low,0,réza,,,,,,
alternative,NN,*nérili,low,1,nérili,,nẽ́rílíverízí,,,,
hypothesis,NN,*verizi,low,1,verizi,,nẽ́rílíverízí,,,,
null,JJ,*lízéra,low,1,lízéra,,líízéràverízí,,,,
name,NN,*zida,low,0,zida,,,,,,
zero,CARD,*lízéra,low,1,lízéra,,,,,lízérã,
transformer,NN,*tránzuru,low,1,tránzuru,,trànzúrú,,,,
to relate,VB,*vérimi,low,0,vérimi,,,,,,
attention,NN,*tánuru,low,1,tánuru,,,tànṹrú,,,
UBC,NNP,*Yúbuysuy,low,1,Yúbuysuy,,,Yúúbúysúylú,,,
to travel,VB,*trávimi,high,4,trávimi,tràgímímí,,tràgímĩ,itràgimimi,Travumũdógoru,
to struggle/to fight,VB,*sárimi,medium,2,sárimi,ngérímíngàrímí,,,,izarimĩmĩ,
to procrastinate,VB,*lómamu,medium,3,lómamu,úlómàmúmú,,,,ulómãmũnõ,lómĩ́mĩ́mĩ
late,JJ,*nórulu,high,5,nórulu,nérílí,ígérímĩ́lí,kérídàrímĩ,,nẽ́rimĩli,nṍrúlú
observatory,NN,*múnaru,medium,3,múnaru,Múúnàrúnú,mṹṹnã̀rúnṹ,Mṹṹnã̀rúnṹ,,,
planet,NN,*zánguru,high,5,zánguru,,tàzàngúrúgo,dzàngúrúnṹ,dngàngurumúrunu,dzanguru,ngòngúrú
telescope,NN,*pélani,high,4,pélani,,pélànĩ,pélànĩ,pélàniqge,pélanĩgénĩ,
algorithm,NN,*fénara,medium,3,fénara,kénàràqngà,,fénã̀ràqgà,,Fénãrã,
satellite,NN,*xúbaru,high,4,xúbaru,,xúúbàrú,xúúbàrúgùùng,,xúbaru,xúúbòrú
storm,NN,*fázuma,high,5,fázuma,fàngúmúgù,fàzúmã̀go,fàzúmã̀gù,fàngumàlu,fazumãgo,
sister,NN,*náziri,high,5,náziri,nàngíríqgì,nã̀zíríge,nã̀zírí,Nàngiriqge,,Nĩ́ĩ
to write,NN,*nárumu,high,6,nárumu,únàrúmúmú,únã̀rúmṹmṹ,únã̀rúmṹmṹ,unàrumumu,unãrumũmũlu,únõ̀rúmṹmṹ
sin,NN,*mózuma,high,6,mózuma,Móngúmànàrúmàgà,tàzàlúmãã,mã̀nã̀rúmã,mànàrudóruma,mãnãrumãmã,mõ̀nõ̀rú
exam/quiz/test,NN,*pírimi,high,4,pírimi,,píírímĩ,ízàmĩ́mĩ,,igérimĩmĩ,Píírímĩ
nuanced,JJ,*shúyalu,high,5,shúyalu,shúúyàgà,,shúúyàlú,shúyàlu,Shúyã,Shúúyòlú
hard/difficult,JJ,*nárugu,high,6,nárugu,nàrúgú,nã̀rúgúlú,nã̀rúgú,nàrugu,nãrugu,nõ̀rúgúlú
snake,NN,*shissíra,low,0,shissíra,,,,,,
homework,NN,*dézari,high,5,dézari,þàdéngàrí,þàdézàrí,,ngdéngàrili,þadézari,hérì
to memorize,VB,*zólumu,medium,3,zólumu,úngólúmúmú,,,ungólumungungumu,,úngólúmṹngúngúmṹ
to dream,VB,*térami,medium,3,térami,,nẽ́rílí,téràmĩ,,téramĩ,
mathematics,NN,*párumu,medium,2,párumu,,pàrúmṹ,,,,pòrúmṹ
to cultivate,VB,*cultivate,low,1,cultivate,,,,,ubúmãmũ,
owl,NN,*pórumu,high,4,pórumu,,pobórúmṹ,pórúmṹbórúmṹ,Pórumubórumu,pórumũgo,
island,NN,*rómuru,high,5,rómuru,rómúrúnú,rómṹrúlú,rómṹrúnṹ,,rómũrunũ,rómṹrú-nṹ
kitchen,NN,*fízani,high,4,fízani,kííngàníní,fíízànĩ,fíízànĩ́nĩ,,kízanĩ,
photograph,NN,*múrazama,medium,3,múrazama,,,úmṹṹràzàmṹgùmũ,múràngàma,,mṹṹròngòmõ̀nṹ
to take a picture,VB,*múrazamu,low,1,múrazamu,,,,,mṹranũzalumã,
joy,NN,*fólumu,high,6,fólumu,fólúmú,fólúmṹ,fólúmṹzérímĩ,fólumu,fólumũ,úfòlúmṹmṹ
rhythm,NN,*réna,medium,3,réna,,rénãã,,rénàqgà,rénã,
great/grand,JJ,*kálala,medium,3,kálala,,Kàlãã,kàlàlàqgà,,Kalalã,
epic,JJ,*zarakálala,low,1,zarakálala,,,,dngàràqgàlàlàqgà,,
to graduate/to master,VB,*sérimidérimi,high,6,sérimidérimi,íhérímídérímíqgìmì,ízérímĩ́dérímĩ́mĩ,ízérímĩ́dérímĩ́mĩ,ingérimidérimi,izérimĩdérimĩmĩ,íngérímĩ́dérímĩ́mĩ́lí
to clean,VB,*kázumudarumu,high,5,kázumudarumu,úgàngúmúdàrúmúnù,úgàzúmṹdàrúmṹmṹ,kàzúmṹlú,ugàngumudàrumumu,,úgòngúmṹdòrúmṹmṹ
speech,NN,*tálimidérimi,low,1,tálimidérimi,llímídérímí,,,,,
to reach,VB,*lóradárumu,high,6,lóradárumu,úlóràdàrúmúmú,úlóràdàrúmṹmṹ,úlóràdàrúmṹzúzúbúmṹ,ulóràdàrumumu,ulóradarumũmũ,úlóròdòrúmṹmṹ
instrument,NN,*pálumuma,high,4,pálumuma,pérímímàqngà,,,pàlumima,palumũmã,pòlúmṹmõ̀ngò
introduction,NN,*vózumu,medium,2,vózumu,vvóngúmú,,bvózúmṹgùùng,,,
to hear,VB,*bárimi,high,6,bárimi,íàràmàngímí,íbàrímĩ́mĩ,íbàrímĩ́mĩ,ibàrimimi,ibarimĩmĩ,nggérímĩ
musician,NN,*lámorudóru,high,5,lámorudóru,làmùrúngúúràdórúmàgà,,làmũ̀rúdórúmã,mànàrudóruma,Lamõrudóru,Lòmũ̀rúdórúgòòg
athlete,NN,*pálumudóru,high,6,pálumudóru,pàlúmúdórúmàgà,pàlúmṹdrúmã̀gook,pàlúmṹdórúmã,pàlumunàruma,palumũnãrumãgo,pòlúmṹdórúmõ̀gù
bat,NN,*tórumobálara,low,1,tórumobálara,tórúmùbàlúrúgù,,,,,
stick,NN,*bálara,low,1,bálara,,,ðbàlàràqgà,,,
stadium,NN,*fúramuspára,medium,2,fúramuspára,,,,fúràmuhpàrànu,fúramũsparanũ,
theatre,NN,*tóraluspára,medium,2,tóraluspára,,tràlúspàràlú,,,,tóròlúhpòròlú
actor,NN,*tóralunáruma,high,6,tóralunáruma,tóràlúnàrúmàgà,Tóràlúnã̀rúmã̀gook,tóràlúnã̀rúmã,tóràlunàruma,tóralunãrumãgo,tóròlúnṹ
corn,NN,*máys,high,6,máys,màyh,mã̀ysomã̀ys,mã̀ys,màyhko,Mãys,mõ̀yshórúmṹ
popcorn,NN,*máyspánomu,medium,3,máyspánomu,,mã̀yspànõmṹ,mã̀yspànũ̀mṹ,màyhpànomu,,
script,NN,*tóraluládamóluru,high,5,tóraluládamóluru,tóràlúlàdàmólúrú,tràlúlàdàmṍlúrúlí,Tóràlúlàdàmṍlúrúgù,ngdórumàdórumàgo,,tóròlúlòdòmṍlúrú
to cry,VB,*périma,medium,3,périma,,àbérímã̀zímĩ,àbérímã̀zízímĩ,àpérimàngingimi,,
black-and-white,JJ,*bóħrunuvárumulu,low,1,bóħrunuvárumulu,,,,,,ngbóħrúnṹvòrúmṹlú
scene,NN,*vérizima,high,5,vérizima,ggéríngímàgéríngímàqngà,tàvérízímã̀nĩ,tàgérízímã̀qgà,tàgéringimàgo,bvérizimãge,
hawk,NN,*ħárum,high,6,ħárum,ħħàrúmúshkù,tàħàrúmṹshko,tàħàrúmlú,tàħàrumushko,taħarumũshlu,tòħòrúmṹshlú
crow,NN,*ħòro,high,4,ħòro,,tàħàroko,,tàħàrogo,taħarogo,tòħòrùlú
cave,NN,*milinezeħris,medium,3,milinezeħris,,,ímĩ́línĩ̀zìħríslí,,mĩlinẽzeħrisnĩ,mĩ́línĩ̀ngìħríhnĩ
swan,NN,*éle,high,4,éle,élìlí,élelí,,éle,éleli,
hummingbird,NN,*píbi,high,4,píbi,,Pííbíbííbíge,pííbíbííbíqgì,píbili,,pííbí
weather,NN,*félirivérizi,low,1,félirivérizi,,,,,kélirivérizi,
forest,NN,*kóramudógorughóronu,high,4,kóramudógorughóronu,kóràmúdógùrúghórùnúnú,kóràmṹdógorúghóronṹlú,,kóràmudógorughóronunu,,kóròmṹdógùrúghórùnṹnṹ
feather,NN,*mìli,high,4,mìli,mìlímìlí,mẽlímẽlí,,,mẽlimẽli,mĩ̀límĩ̀lí
difficulty,NN,*vúru,low,0,vúru,,,,,,
holy,JJ,*zóluru,low,0,zóluru,,,,,,
gold,JJ,*málalu,high,5,málalu,,mã̀làlú,mã̀làlú,màlàlu,mãlalumã,mõ̀lòlú
to return,VB,*mérimi,low,1,mérimi,,,,,amẽ́rimĩ,
to fly,VB,*lózumu,high,4,lózumu,úlóngúmú,àlózúmṹgúmṹ,,àlóngumugomo,,ílóngúmṹmṹ
to bloom,VB,*fála,medium,2,fála,,fàlàgemẽ,,,,kèlèmĩ
muse,NN,*véramidágeri,medium,3,véramidágeri,,àvérímã̀mĩ,,,kérimĩli,íngérèdímĩ
far,RB,*pélani,medium,3,pélani,pélàní,,,pélàni,,pélènĩ
son,NN,*nùmi,high,6,nùmi,únàrúmú,nĩ́lí,nĩ,núma,nĩ́mã,nõ̀rúmõ̀gù
father,NN,*tára,low,1,tára,,,,tàràqgà,,
murder,NN,*míraninérizi,low,0,míraninérizi,,,,,,
murderer,NN,*míraninérizina,low,0,míraninérizina,,,,,,
murderous,JJ,*míraninérizili,low,0,míraninérizili,,,,,,
fated,JJ,*sélimili,medium,2,sélimili,hélímílí,,,,sélimĩli,
vital,JJ,*múranulu,low,0,múranulu,,,,,,
Achilles,NNP,*Aghíli,low,0,Aghíli,,,,,,
Peleus,NNP,*Péleewsa,low,0,Péleewsa,,,,,,
Achaea,NNP,*Ākíya,low,0,Ākíya,,,,,,
angry,JJ,*xòrolu,low,0,xòrolu,,,,,,
anger,NN,*xòrona,low,1,xòrona,,,,,,xòrùnõ̀ngò
rage,NN,*xòrolughòron,low,1,xòrolughòron,,,,,xarolugharon,
Hades,NNP,*Hedis,low,0,Hedis,,,,,,
heaven,NN,*vúlunu,low,0,vúlunu,,,,,,
ocean,NN,*séliru,medium,3,séliru,hélírú,,,,séliru,hélírú
fire,NN,*xázunu,medium,3,xázunu,,,Xàzúnṹ,xàngunu,,xòngúnṹ
iron/metal,NN,*tézimi,medium,3,tézimi,,,tézímĩ́lí,téngimili,tézimĩ,
fruit,NN,*vónuma,high,5,vónuma,vvónúmàgà,,bvónṹmã,bvónuma,bvónũmã,vvónṹmõ̀ngò
seed,NN,*vónu,high,4,vónu,vvónúvónú,,bvónṹvónṹ,bvónuvónu,,vvónṹvónṹ
egg,NN,*kúrumu,low,0,kúrumu,,,,,,
to wait,VB,*nérimi,medium,3,nérimi,,,,Nàmihpíràni,inẽ́rimĩmĩ,nẽ̀mĩ́hpíírèngè
to carry,VB,*lórumu,low,1,lórumu,,,,,ulórumũmũ,
to bite,VB,*zálami,high,5,zálami,àngàlàmímí,àzàlàmĩ́mĩ,àzàlàmĩ́mĩ,àngàlàmimi,izalamĩ,
to fear,VB,*mózumu,medium,2,mózumu,,,,umóngumunomu,,òmṍngúmṹmṹ
to smell,VB,*nízami,high,4,nízami,,ínĩ́zímĩ́mĩ,ínĩ́ĩ́zàmĩ́mĩ,níngàmi,inĩ́zamĩmĩ,
mime,NN,*mimísmi,medium,3,mimísmi,Mímííhmíqgììd,,,mimíhmiqge,,mĩ́mĩ́ĩ́hmĩ́gì
weapon,NN,*tórumodógoru,medium,3,tórumodógoru,,,,tórumodógoru,ulórumũmũ,tórúmũ̀dógùrú
cloth,NN,*lúmuraluréza,low,1,lúmuraluréza,,mṹṹrànṹrézãã,,,,
truth,NN,*xélirini,medium,3,xélirini,xélíríní,,,xéliri,xélirinĩ,
message,NN,*tálimirézami,medium,2,tálimirézami,llímíréngàmí,,tàlímĩ́rézàmĩ,,,
enemy,NN,*mósumagáru,low,1,mósumagáru,,,,,mṍzumãgarugo,
map,NN,*mágedéreni,low,1,mágedéreni,,,,,mãgedérenĩ,
hospital,NN,*múranuspára,medium,3,múranuspára,,,Mṹṹrànṹspàràzúúràdórúmã̀gùùng,Múrànuhpàràngúràdórumàgo,Mṹranũsparazúradórumãgo,
wealth,NN,*málalunu,medium,2,málalunu,màlàlúnúlú,mã̀làlúnṹnṹlú,,,,
history,NN,*sólunuzórumu,medium,3,sólunuzórumu,hólúnúngórúmúlú,,sólúnṹzórúmṹ,hírinili,,
evidence,NN,*xéliridéreni,medium,2,xéliridéreni,,,xélírítérìnĩ,xéliridéreni,,
theory,NN,*véramizélima,low,1,véramizélima,,,,,,vvérèmĩ́ngélímẽ̀ngè
pattern,NN,*rénavérizi,low,1,rénavérizi,rénàgéríngí,,,,,
conflict,NN,*sárumuzórumu,low,1,sárumuzórumu,,,sàrúmṹzórúmṹ,,,
success,NN,*dárumuvólumu,high,4,dárumuvólumu,,þàdàrúmṹvólúmṹ,ðdàrúmṹvólúmṹ,ngdàrumuvólumu,,ngdòrúmṹvólúmṹ
failure,NN,*dáliminéri,medium,2,dáliminéri,,þàdàlímĩ́nẽ́rígemẽ,,ngdàliminéri,,
concept,NN,*vónaváramu,low,0,vónaváramu,,,,,,
complexity,NN,*nárugunu,low,1,nárugunu,,nã̀rúgúnĩ́nĩ,,,,
draft,NN,*vózumurélama,low,1,vózumurélama,,,,,,vvóngúmṹrélòmõ̀ngò
one,CARD,*sé,medium,2,sé,shénù,,Shénĩ,,,
two,CARD,*po,high,4,po,pù,pogàdíngérenã̀nĩ,,Poéle,pogadingérebe,
three,CARD,*nézi,medium,2,nézi,,,nẽ́zíqgàdí,,,nẽ́ngígèdí
four,CARD,*vóru,high,6,vóru,ggàríqgàdí,tàvàrígàdí,pííràqgà,píràqgà,bvarigadi,ngúúròvórúnṹ
five,CARD,*náni,medium,2,náni,nàní,,nã̀nĩ,,,
six,CARD,*kóru,medium,3,kóru,,,,kóvànulu,kóru,údórúmũ̀mṹ
seven,CARD,*tézi,low,0,tézi,,,,,,
eight,CARD,*ú,high,5,ú,Ú,úú,úú,ú,nĩzã,
nine,CARD,*níza,medium,3,níza,,Kàdíngérelúúnãã,,níngàqgà,Lúnã,
ten,CARD,*vézi,high,4,vézi,,tàvézíngérenã̀nĩ,tàgézí,,bvézi,vvéngí
eleven,CARD,*nómo,low,0,nómo,,,,,,
twelve,CARD,*fúzu,medium,3,fúzu,,,,fúngu,fúzu,Fúúngú
thirteen,CARD,*hálu,medium,3,hálu,hàlú,hàlú,,,halu,
fourteen,CARD,*téna,low,0,téna,,,,,,
fifteen,CARD,*bíra,medium,3,bíra,þàbííràqngà,,,ngbíràqgà,þabírã,
sixteen,CARD,*shís,low,1,shís,,,,,Shís,
seventeen,CARD,*mánu,low,0,mánu,,,,,,
eighteen,CARD,*vóza,low,1,vóza,,,bvózã,,,
nineteen,CARD,*lúna,medium,3,lúna,Lúúnàgà,,,Lúna,Lúnã,
twenty,CARD,*kádi,medium,3,kádi,qàdí,kàdíngéreúú,,,bvézingangali,
400 píra (20^2; 100 in base,CARD,*20),low,0,20),,,,,,
"8,000 múzu (20^3; 1000 in base",CARD,*20),low,0,20),,,,,,
"64,000,000 vóma (20^6; 1000000 in base",CARD,*20),low,0,20),,,,,,
white,JJ,*éleli,low,0,éleli,,,,,,
yellow,JJ,*málalu,low,0,málalu,,,,,,
blue,JJ,*félirili,medium,3,félirili,kélírílí,,,,kélirili,kélírílí
green,JJ,*kóvanulu,high,5,kóvanulu,Kóvànúlú,,Kóvànṹlú,kóvànulu,kóvanũlu,Kóvònṹlú
purple,JJ,*shúyalu,low,0,shúyalu,,,,,,
gray,JJ,*shíynili,low,1,shíynili,,,,,,shííynĩ́lí
silver,JJ,*tézimili,high,6,tézimili,téngímílí,tézímĩ́lí,tézímĩ́lí,téngimili,tézimĩli,Téngímĩ́lí
transparent,JJ,*múranuzámulu,low,0,múranuzámulu,,,,,,
bright/shining,JJ,*glízali,high,4,glízali,,ízàmĩ́mĩ,ðglíízàlí,àgérimàlàngimi,þaglízali,
loud,JJ,*bárimili,medium,2,bárimili,ídàrímíngúmí,,ídàrímĩ́zúmĩ,,,
quietly,RB,*nebárimilimi,low,1,nebárimilimi,,,,,nẽbarimĩlimĩ,
heavy,JJ,*kárunulu,medium,3,kárunulu,kàrúnúlú,,,,karunũlu,kòrúnṹlú
lightweight,JJ,*mìlili,low,0,mìlili,,,,,,
hot,JJ,*xázunulu,medium,2,xázunulu,,xàzúnṹlú,dzàngúrú,,,
sharp,JJ,*tórumalu,medium,2,tórumalu,,,,tórumàlu,,tórúmõ̀lú
blunt,JJ,*dólumalu,low,0,dólumalu,,,,,,
brave,JJ,*mózunolu,high,5,mózunolu,móngúnùlú,Mṍzúnõlú,,Móngunolu,mṍzunõlu,mṍngúnũ̀lú
cowardly,JJ,*mózumulu,low,0,mózumulu,,,,,,
coward,NN,*mózuma,low,0,mózuma,,,,,,
wise,JJ,*zárumulu,medium,3,zárumulu,úbàlúmúnùmú,,,Kogonovàrungulu,Kogonõvaruzulu,
foolish,JJ,*bórunulu,low,0,bórunulu,,,,,,
fast,JJ,*fúdurulu,low,1,fúdurulu,,,,fúdurulu,,
slowly,RB,*nólumulu,low,1,nólumulu,,nṍlúmṹlú,,,,
tall/high,JJ,*vóvumalu,medium,2,vóvumalu,úlóngúmú,tàvóvúmã̀lú,,,,
short/low,JJ,*márugulu,high,6,márugulu,þàbórùmúmú,xàzúnṹlú,lúúmṹràlú,màngumugo,þagórumãlu,fórúmõ̀lú
wide,JJ,*mógolu,low,0,mógolu,,,,,,
narrow,JJ,*rézali,low,0,rézali,,,,,,
wet,JJ,*shíynimili,medium,3,shíynimili,shííynímílí,,shííynĩ́mĩ́lí,shíynimili,,
dry,JJ,*xóronuzámushlu,medium,2,xóronuzámushlu,hélí,,,,kóvanũlu,
ancient,JJ,*zúravórunulu,high,6,zúravórunulu,ngúúràvórúnúlú,tàzúúràvórúnṹ,dzúúràvórúnṹ,dngúràvórunu,dzúravórunũ,ngúúròvórúnṹ
young,JJ,*dórumulu,low,1,dórumulu,,,ðdórúmṹlú,,,
expensive,JJ,*málalunulu,medium,2,málalunulu,,mã̀làlúnṹlú,,,,mõ̀lòlúnṹlú
cheap,JJ,*múranulu,low,0,múranulu,,,,,,
spicy,JJ,*xázimili,medium,2,xázimili,,xàzímĩ́lí,xàzímĩ́lí,,,
sweet,JJ,*férimili,low,1,férimili,,,,,kérimĩli,
bitter,JJ,*xòrolanu,low,0,xòrolanu,,,,,,
hard,JJ,*tézimili,low,1,tézimili,,,téràmĩ,,,
soft,JJ,*lúmuralu,high,5,lúmuralu,lúúmúràlúbàlù,lúúmṹràlúpélo,,lúmuràlubàlo,lúmũralu,lúúmṹròlúbòlù
separately,RB,*séli,low,1,séli,,,,,séli,
often,RB,*zéranira,medium,2,zéranira,,,,,dzéranĩrã,ngérènĩ́rèngè
rarely,RB,*dólumura,low,0,dólumura,,,,,,
clean,JJ,*kázumulu,high,5,kázumulu,úgàngúmúdàrúmúnù,úgàzúmṹdàrúmṹzúzúmṹ,kàzúmṹlú,ugàngumudàrumumu,,úgòngúmṹdòrúmṹmũ
dirty,JJ,*mózumulu,low,1,mózumulu,,mṍzúmṹlú,,,,
rich,JJ,*málalununulu,medium,3,málalununulu,màlàlúnúnúlú,Mã̀làlúnṹnṹlú,,,Mãlalunũnũlu,
poor,JJ,*dólumununulu,medium,3,dólumununulu,Þàdólúmúnúnúlú,þàdólúmṹnṹnṹlú,ðdólúmṹnṹnṹlú,,,
strong,JJ,*zérimili,medium,2,zérimili,ngérímílí,,,dngérimili,,
weak,JJ,*zérimineli,high,4,zérimineli,,,dzérímĩ́nĩ̀lí,dngérimineli,dzérimĩnẽli,ngérímĩ́nĩ̀lí
early,JJ,*vózumulu,low,0,vózumulu,,,,,,
late,JJ,*nérimili,high,5,nérimili,nérílí,ígérímĩ́lí,kérídàrímĩ,,nẽ́rimĩli,nṍrúlú
dangerous,JJ,*mózulu,low,1,mózulu,,,mṍzúlú,,,
safe,JJ,*górumalu,low,0,górumalu,,,,,,
lucky,JJ,*sélimili,low,1,sélimili,Sélímílí,,,,,
unfortunate,JJ,*férineli,low,0,férineli,,,,,,
honest,JJ,*xélirili,medium,2,xélirili,,Xélírílí,,,Xélirili,
deceitful,JJ,*púrumulu,low,1,púrumulu,,,,,Púrumũlu,
hungry,JJ,*zálumavázumu,medium,2,zálumavázumu,,,,ungàlumu,dzalumãvazumũ,
thirsty,JJ,*nízimavézimi,low,1,nízimavézimi,,nĩ́ĩ́zímã̀vézímĩ́lí,,,,
helpful,JJ,*gérimilu,medium,3,gérimilu,,hólúrúlú,,hólurulu,hólurulu,
useless,JJ,*tógorunolu,low,0,tógorunolu,,,,,,
sword,NN,*míraninérizibálara,medium,2,míraninérizibálara,,mĩ́ĩ́rànĩ́nẽ́rízíbàlàrãã,,,mĩ́ranĩnẽ́rizibalarã,
earth/soil/dirt:,NN,*dága,medium,3,dága,þàdàqgàqngà,,ðdàgànṹ,ngdàqgàqgà,,
smoke:,NN,*fúma,medium,2,fúma,fúúmàgà,,,,,fúúmõ̀ngò
lalley/lowland:,NN,*màru,low,0,màru,,,,,,
bone:,NN,*shéne,high,4,shéne,shénù,shénẽzhénẽnĩ,Shénĩ,Shénoda,,
skin/bark,NN,*pélo,low,1,pélo,,,,,Palodã,
salt:,NN,*báza,low,1,báza,,þàbàzãã,,,,
shadow/ghost:,NN,*níma,high,6,níma,níímàqgì,nĩ́ĩ́mãã,nĩ́ĩ́mã̀qgà,nímàqgà,nĩ́mã,Nĩ́ĩ
key,NN,*vólumudógoru,high,4,vólumudógoru,,tàvólúmṹdógorú,,bvólumudógoru,bvólumũdógoru,vvólúmṹdógùrú
medicine:,NN,*múranuzáluma,medium,2,múranuzáluma,,,,,mṹranũzalumã,mṹṹrònṹngòlúmõ̀ngò
alphabet,NN,*rázumurána,high,5,rázumurána,ràngúmúrànàgà,ràzúmṹrànã̀gook,ràzúmṹrànã,ràngumuràna,,rómṹrú-nṹ
prison,NN,*nèmispíra,high,4,nèmispíra,nàmíhpííràní,,,nàmihpíràni,nãmĩspíranĩ,nẽ̀mĩ́hpíírènĩ
mirror,NN,*várudógoru,medium,3,várudógoru,,tàvàrúdógorúgo,bvàrúdógùrúgù,,bvarudógorugo,
grave,NN,*míranispíra,low,1,míranispíra,,,,,,mĩ́ĩ́rènĩ́hpíírènĩ
weapon,NN,*tórumodógoru,medium,3,tórumodógoru,,,,tórumodógoru,ulórumũmũ,tórúmũ̀dógùrú
armour,NN,*lúmuralubálo,medium,2,lúmuralubálo,,,,lúmuràlubàlo,,lúúmṹròlúbòlù
